product,variant,size,path_in_zip
ByteAI,dark,1024,ByteAI/dark/ByteAI_dark_1024.png
ByteAI,dark,2048,ByteAI/dark/ByteAI_dark_2048.png
ByteAI,dark,512,ByteAI/dark/ByteAI_dark_512.png
ByteAI,light,1024,ByteAI/light/ByteAI_light_1024.png
ByteAI,light,2048,ByteAI/light/ByteAI_light_2048.png
ByteAI,light,512,ByteAI/light/ByteAI_light_512.png
ByteAI,transparent,1024,ByteAI/transparent/ByteAI_transparent_1024.png
ByteAI,transparent,2048,ByteAI/transparent/ByteAI_transparent_2048.png
ByteAI,transparent,512,ByteAI/transparent/ByteAI_transparent_512.png
ByteAnalytics,dark,1024,ByteAnalytics/dark/ByteAnalytics_dark_1024.png
ByteAnalytics,dark,2048,ByteAnalytics/dark/ByteAnalytics_dark_2048.png
ByteAnalytics,dark,512,ByteAnalytics/dark/ByteAnalytics_dark_512.png
ByteAnalytics,light,1024,ByteAnalytics/light/ByteAnalytics_light_1024.png
ByteAnalytics,light,2048,ByteAnalytics/light/ByteAnalytics_light_2048.png
ByteAnalytics,light,512,ByteAnalytics/light/ByteAnalytics_light_512.png
ByteAnalytics,transparent,1024,ByteAnalytics/transparent/ByteAnalytics_transparent_1024.png
ByteAnalytics,transparent,2048,ByteAnalytics/transparent/ByteAnalytics_transparent_2048.png
ByteAnalytics,transparent,512,ByteAnalytics/transparent/ByteAnalytics_transparent_512.png
ByteGenie,dark,1024,ByteGenie/dark/ByteGenie_dark_1024.png
ByteGenie,dark,2048,ByteGenie/dark/ByteGenie_dark_2048.png
ByteGenie,dark,512,ByteGenie/dark/ByteGenie_dark_512.png
ByteGenie,light,1024,ByteGenie/light/ByteGenie_light_1024.png
ByteGenie,light,2048,ByteGenie/light/ByteGenie_light_2048.png
ByteGenie,light,512,ByteGenie/light/ByteGenie_light_512.png
ByteGenie,transparent,1024,ByteGenie/transparent/ByteGenie_transparent_1024.png
ByteGenie,transparent,2048,ByteGenie/transparent/ByteGenie_transparent_2048.png
ByteGenie,transparent,512,ByteGenie/transparent/ByteGenie_transparent_512.png
ByteHub,dark,1024,ByteHub/dark/ByteHub_dark_1024.png
ByteHub,dark,2048,ByteHub/dark/ByteHub_dark_2048.png
ByteHub,dark,512,ByteHub/dark/ByteHub_dark_512.png
ByteHub,light,1024,ByteHub/light/ByteHub_light_1024.png
ByteHub,light,2048,ByteHub/light/ByteHub_light_2048.png
ByteHub,light,512,ByteHub/light/ByteHub_light_512.png
ByteHub,transparent,1024,ByteHub/transparent/ByteHub_transparent_1024.png
ByteHub,transparent,2048,ByteHub/transparent/ByteHub_transparent_2048.png
ByteHub,transparent,512,ByteHub/transparent/ByteHub_transparent_512.png
ByteLab,dark,1024,ByteLab/dark/ByteLab_dark_1024.png
ByteLab,dark,2048,ByteLab/dark/ByteLab_dark_2048.png
ByteLab,dark,512,ByteLab/dark/ByteLab_dark_512.png
ByteLab,light,1024,ByteLab/light/ByteLab_light_1024.png
ByteLab,light,2048,ByteLab/light/ByteLab_light_2048.png
ByteLab,light,512,ByteLab/light/ByteLab_light_512.png
ByteLab,transparent,1024,ByteLab/transparent/ByteLab_transparent_1024.png
ByteLab,transparent,2048,ByteLab/transparent/ByteLab_transparent_2048.png
ByteLab,transparent,512,ByteLab/transparent/ByteLab_transparent_512.png
ByteNimbus,dark,1024,ByteNimbus/dark/ByteNimbus_dark_1024.png
ByteNimbus,dark,2048,ByteNimbus/dark/ByteNimbus_dark_2048.png
ByteNimbus,dark,512,ByteNimbus/dark/ByteNimbus_dark_512.png
ByteNimbus,light,1024,ByteNimbus/light/ByteNimbus_light_1024.png
ByteNimbus,light,2048,ByteNimbus/light/ByteNimbus_light_2048.png
ByteNimbus,light,512,ByteNimbus/light/ByteNimbus_light_512.png
ByteNimbus,transparent,1024,ByteNimbus/transparent/ByteNimbus_transparent_1024.png
ByteNimbus,transparent,2048,ByteNimbus/transparent/ByteNimbus_transparent_2048.png
ByteNimbus,transparent,512,ByteNimbus/transparent/ByteNimbus_transparent_512.png
ByteSim,dark,1024,ByteSim/dark/ByteSim_dark_1024.png
ByteSim,dark,2048,ByteSim/dark/ByteSim_dark_2048.png
ByteSim,dark,512,ByteSim/dark/ByteSim_dark_512.png
ByteSim,light,1024,ByteSim/light/ByteSim_light_1024.png
ByteSim,light,2048,ByteSim/light/ByteSim_light_2048.png
ByteSim,light,512,ByteSim/light/ByteSim_light_512.png
ByteSim,transparent,1024,ByteSim/transparent/ByteSim_transparent_1024.png
ByteSim,transparent,2048,ByteSim/transparent/ByteSim_transparent_2048.png
ByteSim,transparent,512,ByteSim/transparent/ByteSim_transparent_512.png
ByteTok,dark,1024,ByteTok/dark/ByteTok_dark_1024.png
ByteTok,dark,2048,ByteTok/dark/ByteTok_dark_2048.png
ByteTok,dark,512,ByteTok/dark/ByteTok_dark_512.png
ByteTok,light,1024,ByteTok/light/ByteTok_light_1024.png
ByteTok,light,2048,ByteTok/light/ByteTok_light_2048.png
ByteTok,light,512,ByteTok/light/ByteTok_light_512.png
ByteTok,transparent,1024,ByteTok/transparent/ByteTok_transparent_1024.png
ByteTok,transparent,2048,ByteTok/transparent/ByteTok_transparent_2048.png
ByteTok,transparent,512,ByteTok/transparent/ByteTok_transparent_512.png
ByteVerse,dark,1024,ByteVerse/dark/ByteVerse_dark_1024.png
ByteVerse,dark,2048,ByteVerse/dark/ByteVerse_dark_2048.png
ByteVerse,dark,512,ByteVerse/dark/ByteVerse_dark_512.png
ByteVerse,light,1024,ByteVerse/light/ByteVerse_light_1024.png
ByteVerse,light,2048,ByteVerse/light/ByteVerse_light_2048.png
ByteVerse,light,512,ByteVerse/light/ByteVerse_light_512.png
ByteVerse,transparent,1024,ByteVerse/transparent/ByteVerse_transparent_1024.png
ByteVerse,transparent,2048,ByteVerse/transparent/ByteVerse_transparent_2048.png
ByteVerse,transparent,512,ByteVerse/transparent/ByteVerse_transparent_512.png
